{"1A1gS": [52.939999999999998, 53.32, 53.731000000000002, 54.170999999999999, 54.642000000000003, 55.140999999999998, 55.670000000000002, 56.228000000000002, 56.813000000000002, 57.426000000000002, 58.066000000000003, 58.732999999999997, 59.423999999999999, 60.140999999999998, 60.881, 61.643999999999998, 62.427999999999997, 63.234000000000002, 64.060000000000002, 64.905000000000001, 65.769000000000005, 66.649000000000001, 67.546000000000006, 68.459000000000003, 69.385999999999996, 70.328000000000003, 71.281999999999996, 72.248999999999995, 73.227999999999994, 74.218000000000004, 75.218999999999994, 76.228999999999999, 77.248999999999995, 78.277000000000001, 79.313999999999993, 80.358999999999995, 81.411000000000001, 82.469999999999999, 83.534999999999997, 84.606999999999999, 85.685000000000002, 86.769000000000005, 87.858000000000004, 88.951999999999998, 90.049999999999997, 91.153000000000006, 92.260999999999996, 93.372, 94.488, 95.606999999999999, 96.728999999999999, 97.855000000000004, 98.983999999999995, 100.116, 101.251, 102.389, 103.529, 104.672, 105.81699999999999, 106.965, 108.11499999999999, 109.26600000000001, 110.42, 111.57599999999999, 112.733, 113.893, 115.054], "1T1gG": [20.84, 21.331, 21.829999999999998, 22.335999999999999, 22.847999999999999, 23.364999999999998, 23.888999999999999, 24.417000000000002, 24.949999999999999, 25.488, 26.029, 26.574000000000002, 27.123000000000001, 27.673999999999999, 28.228999999999999, 28.786999999999999, 29.347000000000001, 29.91, 30.474, 31.041, 31.609999999999999, 32.180999999999997, 32.753999999999998, 33.328000000000003, 33.904000000000003, 34.481000000000002, 35.058999999999997, 35.639000000000003, 36.219999999999999, 36.802, 37.384999999999998, 37.969000000000001, 38.555, 39.140999999999998, 39.728000000000002, 40.314999999999998, 40.904000000000003, 41.493000000000002, 42.082999999999998, 42.673999999999999, 43.265000000000001, 43.856999999999999, 44.448999999999998, 45.042000000000002, 45.634999999999998, 46.228999999999999, 46.823999999999998, 47.417999999999999, 48.014000000000003, 48.609000000000002, 49.206000000000003, 49.802, 50.399000000000001, 50.996000000000002, 51.594000000000001, 52.192, 52.789999999999999, 53.387999999999998, 53.987000000000002, 54.585999999999999, 55.185000000000002, 55.784999999999997, 56.384999999999998, 56.984999999999999, 57.585000000000001, 58.186, 58.786000000000001], "1EgG": [20.84, 21.297000000000001, 21.867999999999999, 22.545999999999999, 23.317, 24.164999999999999, 25.076000000000001, 26.033999999999999, 27.030999999999999, 28.058, 29.109000000000002, 30.18, 31.265999999999998, 32.366, 33.476999999999997, 34.597000000000001, 35.725999999999999, 36.860999999999997, 38.003, 39.149999999999999, 40.302, 41.459000000000003, 42.619, 43.783000000000001, 44.950000000000003, 46.119, 47.292000000000002, 48.466999999999999, 49.643999999999998, 50.823, 52.003999999999998, 53.186999999999998, 54.371000000000002, 55.557000000000002, 56.744, 57.933, 59.122999999999998, 60.314, 61.506, 62.700000000000003, 63.893999999999998, 65.088999999999999, 66.284999999999997, 67.481999999999999, 68.679000000000002, 69.878, 71.076999999999998, 72.275999999999996, 73.477000000000004, 74.677999999999997, 75.879000000000005, 77.081000000000003, 78.284000000000006, 79.486999999999995, 80.689999999999998, 81.894000000000005, 83.099000000000004, 84.302999999999997, 85.509, 86.713999999999999, 87.920000000000002, 89.126000000000005, 90.332999999999998, 91.540000000000006, 92.747, 93.954999999999998, 95.162999999999997], "3T2gF": [0.0, 0.49099999999999999, 0.98999999999999999, 1.496, 2.008, 2.5259999999999998, 3.0489999999999999, 3.577, 4.1100000000000003, 4.6479999999999997, 5.1890000000000001, 5.734, 6.2830000000000004, 6.835, 7.3890000000000002, 7.9470000000000001, 8.5069999999999997, 9.0700000000000003, 9.6349999999999998, 10.202, 10.771000000000001, 11.340999999999999, 11.914, 12.488, 13.064, 13.641, 14.220000000000001, 14.798999999999999, 15.380000000000001, 15.962, 16.545999999999999, 17.129999999999999, 17.715, 18.300999999999998, 18.888000000000002, 19.475999999999999, 20.064, 20.652999999999999, 21.242999999999999, 21.834, 22.425000000000001, 23.016999999999999, 23.609000000000002, 24.202000000000002, 24.795999999999999, 25.388999999999999, 25.984000000000002, 26.579000000000001, 27.173999999999999, 27.77, 28.366, 28.962, 29.559000000000001, 30.155999999999999, 30.754000000000001, 31.352, 31.949999999999999, 32.548999999999999, 33.146999999999998, 33.746000000000002, 34.345999999999997, 34.945, 35.545000000000002, 36.145000000000003, 36.744999999999997, 37.345999999999997, 37.947000000000003], "3T1gF": [0.0, 0.0, 0.0, 0.0, 0.0, 0.0, 0.0, 0.0, 0.0, 0.0, 0.0, 0.0, 0.0, 0.0, 0.0, 0.0, 0.0, 0.0, 0.0, 0.0, 0.0, 0.0, 0.0, 0.0, 0.0, 0.0, 0.0, 0.0, 0.0, 0.0, 0.0, 0.0, 0.0, 0.0, 0.0, 0.0, 0.0, 0.0, 0.0, 0.0, 0.0, 0.0, 0.0, 0.0, 0.0, 0.0, 0.0, 0.0, 0.0, 0.0, 0.0, 0.0, 0.0, 0.0, 0.0, 0.0, 0.0, 0.0, 0.0, 0.0, 0.0, 0.0, 0.0, 0.0, 0.0, 0.0, 0.0], "1EgD": [13.84, 14.365, 14.792, 15.125999999999999, 15.378, 15.566000000000001, 15.702, 15.800000000000001, 15.869, 15.917, 15.948, 15.968, 15.978999999999999, 15.983000000000001, 15.981, 15.976000000000001, 15.968, 15.958, 15.946, 15.932, 15.917999999999999, 15.904, 15.888, 15.872999999999999, 15.858000000000001, 15.842000000000001, 15.827, 15.811, 15.795999999999999, 15.781000000000001, 15.766999999999999, 15.752000000000001, 15.738, 15.724, 15.711, 15.696999999999999, 15.683999999999999, 15.672000000000001, 15.659000000000001, 15.647, 15.635999999999999, 15.624000000000001, 15.613, 15.602, 15.590999999999999, 15.581, 15.57, 15.561, 15.551, 15.541, 15.532, 15.523, 15.513999999999999, 15.506, 15.497, 15.489000000000001, 15.481, 15.473000000000001, 15.465, 15.458, 15.451000000000001, 15.443, 15.436, 15.429, 15.423, 15.416, 15.41], "deltaB": [0.0, 0.60899999999999999, 1.2190000000000001, 1.8280000000000001, 2.4380000000000002, 3.0470000000000002, 3.657, 4.266, 4.8760000000000003, 5.4850000000000003, 6.0949999999999998, 6.7039999999999997, 7.3140000000000001, 7.923, 8.5329999999999995, 9.1419999999999995, 9.7520000000000007, 10.361000000000001, 10.971, 11.58, 12.19, 12.798999999999999, 13.409000000000001, 14.018000000000001, 14.628, 15.237, 15.847, 16.456, 17.065000000000001, 17.675000000000001, 18.283999999999999, 18.893999999999998, 19.503, 20.113, 20.722000000000001, 21.332000000000001, 21.940999999999999, 22.550999999999998, 23.16, 23.77, 24.379000000000001, 24.989000000000001, 25.597999999999999, 26.207999999999998, 26.817, 27.427, 28.036000000000001, 28.646000000000001, 29.254999999999999, 29.864999999999998, 30.474, 31.084, 31.693000000000001, 32.302, 32.911999999999999, 33.521000000000001, 34.131, 34.740000000000002, 35.350000000000001, 35.959000000000003, 36.569000000000003, 37.177999999999997, 37.787999999999997, 38.396999999999998, 39.006999999999998, 39.616, 40.225999999999999],