{"2A2g": [37.501607700000001, 38.080385900000003, 38.659163999999997, 39.237942099999998, 39.8167203, 40.395498400000001, 40.974276500000002, 41.553054699999997, 42.131832799999998, 42.710610899999999, 43.289389100000001, 43.868167200000002, 44.446945300000003, 45.025723499999998, 45.604501599999999, 46.1832797, 46.762057900000002, 47.340836000000003, 47.919614099999997, 48.498392299999999, 49.0771704, 49.655948600000002, 50.234726700000003, 50.813504799999997, 51.392282999999999, 51.9710611, 52.549839200000001, 53.128617400000003, 53.707395499999997, 54.286173599999998, 54.8649518, 55.443729900000001, 56.022508000000002, 56.601286199999997, 57.180064299999998, 57.758842399999999, 58.337620600000001, 58.916398700000002, 59.495176800000003, 60.073954999999998, 60.652733099999999, 61.231511300000001, 61.810289400000002, 62.389067500000003, 62.967845699999998, 63.546623799999999, 64.1254019, 64.704180100000002, 65.282958199999996, 65.861736300000004, 66.440514500000006, 67.0192926, 67.598070699999994, 68.176848899999996, 68.755627000000004, 69.334405099999998, 69.9131833, 70.491961399999994, 71.070739500000002, 71.649517700000004, 72.228295799999998, 72.807074, 73.385852099999994, 73.964630200000002, 74.543408400000004, 75.122186499999998, 75.700964600000006, 76.279742799999994, 76.858520900000002, 77.437298999999996, 78.016077199999998, 78.594855300000006, 79.1736334, 79.752411600000002, 80.331189699999996, 80.909967800000004, 81.488746000000006, 82.0675241, 82.646302300000002, 83.225080399999996, 83.803858500000004, 84.382636700000006, 84.9614148, 85.540192899999994, 86.118971099999996, 86.697749200000004, 87.276527299999998, 87.8553055, 88.434083599999994], "2T1g": [17.501607700000001, 18.093402999999999, 18.596900300000001, 19.018196100000001, 19.367214400000002, 19.6555155, 19.894426599999999, 20.093910999999999, 20.2621672, 20.4056785, 20.529466200000002, 20.6373912, 20.732421200000001, 20.816851, 20.892468399999998, 20.9606785, 21.022603400000001, 21.0791404, 21.1310225, 21.1788478, 21.223113600000001, 21.264234699999999, 21.302562699999999, 21.338392299999999, 21.371980700000002, 21.403545600000001, 21.433276500000002, 21.461339800000001, 21.4878821, 21.513028899999998, 21.536895000000001, 21.5595809, 21.581176800000001, 21.601763099999999, 21.621412599999999, 21.640189700000001, 21.6581543, 21.675360099999999, 21.691856399999999, 21.707688099999999, 21.722893899999999, 21.7375145, 21.7515809, 21.765127499999998, 21.7781822, 21.790771700000001, 21.8029218, 21.814655900000002, 21.825994600000001, 21.8369593, 21.847567000000002, 21.857835999999999, 21.867783500000002, 21.877423400000001, 21.886769600000001, 21.895837100000001, 21.904637699999999, 21.913182200000001, 21.9214834, 21.929550899999999, 21.937395500000001, 21.945024700000001, 21.952448, 21.959674199999998, 21.966711700000001, 21.973565900000001, 21.980245400000001, 21.986757799999999, 21.993107200000001, 21.999301200000001, 22.005344099999999, 22.0112433, 22.017002099999999, 22.022627, 22.028122199999999, 22.0334909, 22.038739499999998, 22.043870299999998, 22.0488885, 22.0537964, 22.058599099999999, 22.063299000000001, 22.067900300000002, 22.072405100000001, 22.076816699999998, 22.0811393, 22.085373000000001, 22.089523, 22.0935895], "4A2g": [0.0, 0.0, 0.0, 0.0, 0.0, 0.0, 0.0, 0.0, 0.0, 0.0, 0.0, 0.0, 0.0, 0.0, 0.0, 0.0, 0.0, 0.0, 0.0, 0.0, 0.0, 0.0, 0.0, 0.0, 0.0, 0.0, 0.0, 0.0, 0.0, 0.0, 0.0, 0.0, 0.0, 0.0, 0.0, 0.0, 0.0, 0.0, 0.0, 0.0, 0.0, 0.0, 0.0, 0.0, 0.0, 0.0, 0.0, 0.0, 0.0, 0.0, 0.0, 0.0, 0.0, 0.0, 0.0, 0.0, 0.0, 0.0, 0.0, 0.0, 0.0, 0.0, 0.0, 0.0, 0.0, 0.0, 0.0, 0.0, 0.0, 0.0, 0.0, 0.0, 0.0, 0.0, 0.0, 0.0, 0.0, 0.0, 0.0, 0.0, 0.0, 0.0, 0.0, 0.0, 0.0, 0.0, 0.0, 0.0, 0.0], "2Eg": [17.501607700000001, 18.083615200000001, 18.5056999, 18.8154845, 19.0498446, 19.233438400000001, 19.382043899999999, 19.5057835, 19.611292599999999, 19.703046100000002, 19.784146799999998, 19.856807100000001, 19.922645200000002, 19.9828671, 20.038396599999999, 20.089946399999999, 20.138082499999999, 20.1832572, 20.225836000000001, 20.266121099999999, 20.304362300000001, 20.340768499999999, 20.375519799999999, 20.408765299999999, 20.4406377, 20.471249700000001, 20.500698799999999, 20.529072899999999, 20.556448, 20.5828928, 20.6084684, 20.633228299999999, 20.657222900000001, 20.680495199999999, 20.703085699999999, 20.725032200000001, 20.746367599999999, 20.767122199999999, 20.787325800000001, 20.807004299999999, 20.826181099999999, 20.844878900000001, 20.863119000000001, 20.880920700000001, 20.898302300000001, 20.915280800000001, 20.931872500000001, 20.948091099999999, 20.9639518, 20.9794673, 20.994651699999999, 21.009514500000002, 21.0240686, 21.038323699999999, 21.052289399999999, 21.065977499999999, 21.079394400000002, 21.092550899999999, 21.105454399999999, 21.118112499999999, 21.130531600000001, 21.142721300000002, 21.154686999999999, 21.1664362, 21.1779732, 21.189306500000001, 21.2004394, 21.211379399999998, 21.2221318, 21.2326999, 21.243089999999999, 21.253306500000001, 21.2633537, 21.273236900000001, 21.282958199999999, 21.292524100000001, 21.301937800000001, 21.311201499999999, 21.320321499999999, 21.329298999999999, 21.338138300000001, 21.3468424, 21.355415900000001, 21.363859600000001, 21.372177900000001, 21.380374100000001, 21.388449099999999, 21.3964073, 21.4042508], "deltaB": [0.0, 0.57877813499999997, 1.1575562699999999, 1.73633441, 2.3151125399999999, 2.8938906800000002, 3.4726688100000001, 4.0514469499999999, 4.6302250799999998, 5.2090032199999996, 5.7877813500000004, 6.3665594900000002, 6.9453376200000001, 7.5241157599999999, 8.1028938900000007, 8.6816720299999997, 9.2604501599999995, 9.8392283000000003, 10.418006399999999, 10.9967846, 11.575562700000001, 12.1543408, 12.733119, 13.311897099999999, 13.8906752, 14.469453400000001, 15.0482315, 15.627009599999999, 16.2057878, 16.7845659, 17.363344099999999, 17.9421222, 18.520900300000001, 19.0996785, 19.678456600000001, 20.257234700000001, 20.8360129, 21.414791000000001, 21.993569099999998, 22.572347300000001, 23.151125400000002, 23.729903499999999, 24.308681700000001, 24.887459799999998, 25.466237899999999, 26.045016100000002, 26.623794199999999, 27.2025723, 27.781350499999999, 28.360128599999999, 28.938906800000002, 29.517684899999999, 30.096463, 30.675241199999999, 31.2540193, 31.8327974, 32.411575599999999, 32.9903537, 33.569131800000001, 34.147910000000003, 34.726688099999997, 35.305466199999998, 35.8842444, 36.463022500000001, 37.041800600000002, 37.620578799999997, 38.199356899999998, 38.778134999999999, 39.356913200000001, 39.935691300000002, 40.514469499999997, 41.093247599999998, 41.672025699999999, 42.250803900000001, 42.829582000000002, 43.408360100000003, 43.987138299999998, 44.565916399999999, 45.1446945, 45.723472700000002, 46.302250800000003, 46.881028899999997, 47.459807099999999, 48.0385852, 48.617363300000001, 49.196141500000003, 49.774919599999997, 50.353697699999998, 50.9324759],