{"3T1g": [22.402010099999998, 22.361446000000001, 22.1616055, 21.845047699999999, 21.4422085, 20.975729900000001, 20.462216099999999, 19.9135138, 19.337972400000002, 18.741495, 18.128309000000002, 17.501505000000002, 16.863386899999998, 16.215716100000002, 15.559859299999999, 14.896902000000001, 14.227722399999999, 13.5530364, 12.8734435, 12.189444699999999, 11.5014673, 10.8098794, 10.114997499999999, 9.4171005000000001, 8.7164334199999995, 8.0132098000000003, 7.3076243700000001, 6.5998479899999998, 5.8900351799999999, 5.1783241200000001, 4.4648404499999996, 3.74969975, 3.0330062799999999, 2.3148542700000001, 1.59533166, 0.87451758800000001, 0.152486181, 0.0, 0.0, 0.0, 0.0, 0.0, 0.0, 0.0, 0.0, 0.0, 0.0, 0.0, 0.0, 0.0, 0.0, 0.0, 0.0, 0.0, 0.0, 0.0, 0.0, 0.0, 0.0, 0.0, 0.0, 0.0, 0.0, 0.0, 0.0, 0.0, 0.0, 0.0, 0.0, 0.0, 0.0], "1A2gF": [48.6030151, 49.211910799999998, 49.831875599999996, 50.461928399999998, 51.101165799999997, 51.748763799999999, 52.4039711, 53.0661068, 53.734552800000003, 54.408754999999999, 55.0882085, 55.772461100000001, 56.461104300000002, 57.153770100000003, 57.850126899999999, 58.549873099999999, 59.252739900000002, 59.9584799, 60.666873099999997, 61.377718600000001, 62.090831700000003, 62.806047700000001, 63.523214799999998, 64.242197200000007, 64.9628668, 65.685111800000001, 66.408822900000004, 67.133906999999994, 67.860275099999996, 68.5878455, 69.316542699999999, 70.046299000000005, 70.777049000000005, 71.508736200000001, 72.241305299999993, 72.974705999999998, 73.708890699999998, 75.014511299999995, 76.474406999999999, 77.935993699999997, 79.399183399999998, 80.863893200000007, 82.330046499999995, 83.797571599999998, 85.2664008, 86.736472399999997, 88.207724900000002, 89.680105499999996, 91.153561600000003, 92.628044000000003, 94.1035088, 95.579910799999993, 97.057209799999995, 98.535369299999999, 100.014351, 101.494122, 102.974649, 104.455905, 105.937856, 107.42047700000001, 108.903744, 110.38762800000001, 111.87210899999999, 113.35716499999999, 114.842771, 116.328912, 117.81556500000001, 119.30271399999999, 120.790339, 122.27842699999999, 123.76696], "1A1g": [34.402010099999998, 34.399290200000003, 34.861941000000002, 35.137795199999999, 35.294693500000001, 35.365532700000003, 35.370185900000003, 35.322415800000002, 35.232256300000003, 35.107149499999998, 34.952650800000001, 34.772920900000003, 34.571106800000003, 34.349603000000002, 34.110253800000002, 33.854495, 33.583461100000001, 33.298059000000002, 32.999027599999998, 32.686977400000004, 32.362425899999998, 32.025812799999997, 31.6775302, 31.317922100000001, 30.947307800000001, 30.565979899999999, 30.174214800000001, 29.772276399999999, 29.3604196, 28.9388945, 28.507942199999999, 28.067802799999999, 27.6187136, 27.160909499999999, 26.694621900000001, 26.220081700000001, 25.7375176, 25.817850499999999, 26.044182200000002, 26.264188399999998, 26.478036400000001, 26.685888200000001, 26.8879108, 27.0842676, 27.275121899999998, 27.460635700000001, 27.640968600000001, 27.816277599999999, 27.986717299999999, 28.152441, 28.313594200000001, 28.4703254, 28.622773899999999, 28.771077900000002, 28.915374400000001, 29.055791500000002, 29.192457300000001, 29.325493699999999, 29.4550214, 29.581155800000001, 29.7040088, 29.823687199999998, 29.940297699999999, 30.053939700000001, 30.164711100000002, 30.272705999999999, 30.378016299999999, 30.480728599999999, 30.5809271, 30.678694700000001, 30.774107999999998], "1Eg": [33.6030151, 33.479390700000003, 33.276414600000003, 33.020458499999997, 32.7237814, 32.392788899999999, 32.031368100000002, 31.642260100000001, 31.227649499999998, 30.789438400000002, 30.3293593, 29.8490289, 29.349971100000001, 28.833616800000001, 28.301314099999999, 27.7543191, 27.193800299999999, 26.620839199999999, 26.0364334, 25.441497500000001, 24.836870600000001, 24.223320399999999, 23.601547700000001, 22.972189700000001, 22.335830399999999, 21.6929987, 21.0441796, 20.389815299999999, 19.730305300000001, 19.066018799999998, 18.3972902, 17.724428400000001, 17.047712300000001, 16.367400799999999, 15.6837286, 14.996913299999999, 14.3071558, 14.185332900000001, 14.2144925, 14.242245, 14.268682200000001, 14.2938882, 14.317938399999999, 14.340904500000001, 14.362852999999999, 14.383843000000001, 14.4039334, 14.423174599999999, 14.4416168, 14.459303999999999, 14.476278900000001, 14.4925791, 14.5082437, 14.523305300000001, 14.537796500000001, 14.551745, 14.5651809, 14.5781294, 14.5906143, 14.6026583, 14.6142839, 14.625511299999999, 14.636358, 14.646843000000001, 14.6569824, 14.6667927, 14.676288899999999, 14.685483700000001, 14.6943907, 14.7030239, 14.7113932], "3A1g": [27.402010099999998, 27.402010099999998, 27.402010099999998, 27.402010099999998, 27.402010099999998, 27.402010099999998, 27.402010099999998, 27.402010099999998, 27.402010099999998, 27.402010099999998, 27.402010099999998, 27.402010099999998, 27.402010099999998, 27.402010099999998, 27.402010099999998, 27.402010099999998, 27.402010099999998, 27.402010099999998, 27.402010099999998, 27.402010099999998, 27.402010099999998, 27.402010099999998, 27.402010099999998, 27.402010099999998, 27.402010099999998, 27.402010099999998, 27.402010099999998, 27.402010099999998, 27.402010099999998, 27.402010099999998, 27.402010099999998, 27.402010099999998, 27.402010099999998, 27.402010099999998, 27.402010099999998, 27.402010099999998, 27.402010099999998, 27.972704799999999, 28.6969724, 29.422268800000001, 30.148540199999999, 30.875734900000001, 31.603807799999998, 32.332714799999998, 33.062415799999997, 33.792871900000002, 34.524048999999998, 35.255913300000003, 35.988432199999998, 36.7215779, 37.455322899999999, 38.189639399999997, 38.924506299999997, 39.659897000000001, 40.395791500000001, 41.132169599999997, 41.869010099999997, 42.606296499999999, 43.344010099999998, 44.082135700000002, 44.820655799999997, 45.559556499999999, 46.298824099999997, 47.038444699999999, 47.778405800000002, 48.518693499999998, 49.259298999999999, 50.000208499999999, 50.741414599999999, 51.482904499999997, 52.224669599999999], "5Eg": [0.0, 0.0, 0.0, 0.0, 0.0, 0.0, 0.0, 0.0, 0.0, 0.0, 0.0, 0.0, 0.0, 0.0, 0.0, 0.0, 0.0, 0.0, 0.0, 0.0, 0.0, 0.0, 0.0, 0.0, 0.0, 0.0, 0.0, 0.0, 0.0, 0.0, 0.0, 0.0, 0.0, 0.0, 0.0, 0.0, 0.0, 0.57069474499999995, 1.29496229, 2.0202589, 2.74653006, 3.47372484, 4.2017979600000004, 4.9307045900000004, 5.6604056399999996, 6.3908619900000003, 7.1220388400000001, 7.8539032899999999, 8.58642197, 9.3195676800000005, 10.053313299999999, 10.7876291, 11.522496200000001, 12.257886900000001, 12.9937811, 13.730159799999999, 14.467000000000001, 15.2042866, 15.9420004, 16.6801262, 17.418645900000001, 18.157547000000001, 18.896814299999999, 19.636434600000001, 20.376396199999999, 21.116683999999999, 21.857288400000002, 22.598197899999999, 23.3394051, 24.080894499999999, 24.8226604],