{"2A2g": [37.889452300000002, 38.380122700000001, 38.878134899999999, 39.382959399999997, 39.894103399999999, 40.411105499999998, 40.933535499999998, 41.460996999999999, 41.993121700000003, 42.529572000000002, 43.070033500000001, 43.614220099999997, 44.161866099999997, 44.712728200000001, 45.266582200000002, 45.823222100000002, 46.3824574, 46.944114599999999, 47.508033500000003, 48.074064900000003, 48.642073000000003, 49.211931999999997, 49.7835264, 50.356747499999997, 50.931497, 51.5076836, 52.085221099999998, 52.664031399999999, 53.244041600000003, 53.825183600000003, 54.407393499999998, 54.990613600000003, 55.574789000000003, 56.159868199999998, 56.745804300000003, 57.332551700000003, 58.1477383, 59.332539599999997, 60.518402600000002, 61.705274799999998, 62.893105499999997, 64.081848899999997, 65.271459399999998, 66.461899599999995, 67.653128800000005, 68.845112599999993, 70.037817399999994, 71.231211999999999, 72.425267700000006, 73.619955399999995, 74.815248499999996, 76.011123699999999, 77.207556800000006, 78.404526399999995, 79.602011200000007, 80.7999899, 81.998446200000004, 83.197361099999995, 84.396716999999995, 85.596498999999994, 86.796691699999997, 87.997278899999998, 89.198248500000005, 90.399587199999999, 91.601280900000006, 92.803319500000001, 94.005689700000005, 95.208381299999999, 96.411384400000003, 97.614687599999996, 98.818282999999994, 100.022159, 101.226309, 102.430724, 103.635396, 104.840315, 106.045478, 107.250873, 108.456497, 109.662342, 110.86839999999999], "2T1g": [17.890000000000001, 18.2705892, 18.566844799999998, 18.789036500000002, 18.950493900000001, 19.0644189, 19.142288000000001, 19.193304300000001, 19.2245101, 19.2411572, 19.247118700000001, 19.245242399999999, 19.237624700000001, 19.225818499999999, 19.210977700000001, 19.193969599999999, 19.175442199999999, 19.155889500000001, 19.1356836, 19.115108500000002, 19.0943793, 19.073662299999999, 19.0530811, 19.032729199999999, 19.012676500000001, 18.992975699999999, 18.973663299999998, 18.954765699999999, 18.936299200000001, 18.918274799999999, 18.9006978, 18.883566900000002, 18.866882400000001, 18.850636900000001, 18.8348245, 18.819436100000001, 19.032130800000001, 19.614114600000001, 20.196859, 20.780334700000001, 21.364511199999999, 21.949362099999998, 22.534859000000001, 23.120979699999999, 23.707697799999998, 24.294990899999998, 24.8828377, 25.471218100000002, 26.060111599999999, 26.6495, 27.239365100000001, 27.829689699999999, 28.4204574, 29.011652099999999, 29.603260599999999, 30.195266700000001, 30.787658199999999, 31.380421900000002, 31.9735446, 32.5670152, 33.160821499999997, 33.754953299999997, 34.349399599999998, 34.944151099999999, 35.539197799999997, 36.134530400000003, 36.730139999999999, 37.326018300000001, 37.922156200000003, 38.518547699999999, 39.115183600000002, 39.712057799999997, 40.309162299999997, 40.906490900000001, 41.504037500000003, 42.101795099999997, 42.699758600000003, 43.297921899999999, 43.896278899999999, 44.494825599999999, 45.0935548], "4A2g": [0.0, 1.09918966, 2.2057210999999999, 3.3190649099999998, 4.43872819, 5.5642494899999999, 6.6951987800000001, 7.8311795100000001, 8.97182353, 10.116793100000001, 11.2657738, 12.418479700000001, 13.574645, 14.734026399999999, 15.896399600000001, 17.0615588, 18.229313399999999, 19.399489899999999, 20.571928, 21.746478700000001, 22.923006099999998, 24.101384400000001, 25.281497999999999, 26.4632383, 27.646507100000001, 28.831213000000002, 30.017269800000001, 31.204599399999999, 32.3931288, 33.582790099999997, 34.773519299999997, 35.965258599999999, 37.157953300000003, 38.351551700000002, 39.546007099999997, 40.741273800000002, 42.164979700000004, 43.958300199999996, 45.7526826, 47.548074, 49.344423900000002, 51.1416866, 52.939816399999998, 54.7387759, 56.538524299999999, 58.339027399999999, 60.140251499999998, 61.942165299999999, 63.744740399999998, 65.547947300000004, 67.351759599999994, 69.156154200000003, 70.9611065, 72.766595300000006, 74.572599400000001, 76.379097400000006, 78.186072999999993, 79.993507100000002, 81.801382399999994, 83.609683599999997, 85.418395500000003, 87.227502000000001, 89.036990900000006, 90.846848899999998, 92.657061900000002, 94.4676197, 96.278509099999994, 98.089720099999994, 99.901242400000001, 101.713065, 103.52518000000001, 105.337575, 107.150244, 108.963178, 110.776369, 112.589808, 114.40349000000001, 116.217405, 118.031548, 119.845912, 121.660489], "2Eg": [17.890000000000001, 18.1586237, 18.2021704, 18.055702799999999, 17.772811399999998, 17.398941199999999, 16.965152100000001, 16.491209900000001, 15.989587200000001, 15.468301200000001, 14.932644, 14.3862079, 13.8314959, 13.270300199999999, 12.703929, 12.133357, 11.559325599999999, 10.982405699999999, 10.4030456, 9.8215973600000002, 9.2383488800000002, 8.6535284000000008, 8.0673275899999997, 7.4799036499999998, 6.89138742, 6.30188945, 5.7115040600000002, 5.1203133899999997, 4.5283843800000003, 3.9357788999999999, 3.3425497000000002, 2.7487434099999999, 2.1543995900000001, 1.5595557799999999, 0.96424442200000005, 0.36849492900000003, 0.0, 0.0, 0.0, 0.0, 0.0, 0.0, 0.0, 0.0, 0.0, 0.0, 0.0, 0.0, 0.0, 0.0, 0.0, 0.0, 0.0, 0.0, 0.0, 0.0, 0.0, 0.0, 0.0, 0.0, 0.0, 0.0, 0.0, 0.0, 0.0, 0.0, 0.0, 0.0, 0.0, 0.0, 0.0, 0.0, 0.0, 0.0, 0.0, 0.0, 0.0, 0.0, 0.0, 0.0, 0.0], "deltaB": [0.0, 0.60851926999999995, 1.2170385399999999, 1.8255578100000001, 2.4340770799999998, 3.0425963500000002, 3.6511156200000001, 4.2596348900000001, 4.8681541599999996, 5.47667343, 6.0851927000000003, 6.6937119699999998, 7.3022312400000002, 7.9107505099999997, 8.5192697800000001, 9.1277890500000005, 9.7363083199999991, 10.3448276, 10.9533469, 11.5618661, 12.170385400000001, 12.7789047, 13.3874239, 13.995943199999999, 14.6044625, 15.2129817, 15.821501, 16.430020299999999, 17.0385396, 17.6470588, 18.255578100000001, 18.864097399999999, 19.472616599999998, 20.0811359, 20.689655200000001, 21.298174400000001, 21.906693700000002, 22.515212999999999, 23.1237323, 23.7322515, 24.340770800000001, 24.949290099999999, 25.557809299999999, 26.1663286, 26.774847900000001, 27.383367100000001, 27.991886399999999, 28.6004057, 29.2089249, 29.817444200000001, 30.425963500000002, 31.034482799999999, 31.643001999999999, 32.2515213, 32.860040599999998, 33.468559800000001, 34.077079099999999, 34.685598400000003, 35.2941176, 35.902636899999997, 36.511156200000002, 37.1196755, 37.728194700000003, 38.336714000000001, 38.945233299999998, 39.553752500000002, 40.162271799999999, 40.770791099999997, 41.3793103, 41.987829599999998, 42.596348900000002, 43.2048682, 43.813387400000003, 44.421906700000001, 45.030425999999999, 45.638945200000002, 46.2474645, 46.855983799999997, 47.464503000000001, 48.073022299999998, 48.681541600000003],