{"1A1gS": [54.971209199999997, 55.6716075, 56.390560499999999, 57.1276036, 57.882234199999999, 58.653915499999997, 59.4420845, 60.246157400000001, 61.065539299999998, 61.899624799999998, 62.747808999999997, 63.6094875, 64.4840643, 65.370950100000002, 66.269571999999997, 67.179372400000005, 68.099808100000004, 69.030358000000007, 69.970519199999998, 70.919808099999997, 71.877765800000006, 72.843949100000003, 73.817940500000006, 74.799339700000004, 75.787767799999997, 76.782864700000005, 77.784289799999996, 78.791720699999999, 79.804852199999999, 80.823396399999993, 81.847080599999998, 82.875645899999995, 83.908851200000001, 84.946466400000006, 85.988274500000003, 87.034071999999995, 88.083665999999994, 89.136873300000005, 90.193522999999999, 91.253451999999996, 92.316508600000006, 93.382547000000002, 94.451429899999994, 95.523029800000003, 96.597222599999995, 97.673894399999995, 98.752934699999997, 99.834240899999998, 100.917714, 102.00326200000001, 103.09079800000001, 104.18023700000001, 105.271501, 106.364514, 107.45920599999999, 108.55551, 109.65336000000001, 110.752696, 111.85346, 112.955597, 114.059054, 115.163782, 116.269732, 117.37686100000001, 118.485123, 119.594478, 120.704888, 121.81631299999999, 122.92872, 124.042072, 125.15633800000001, 126.271486, 127.387486, 128.50431, 129.62193099999999, 130.74032099999999, 131.85945699999999, 132.97931299999999, 134.09986799999999, 135.22109800000001, 136.34298200000001], "1T1gG": [21.4203455, 21.9961612, 22.571977, 23.1477927, 23.7236084, 24.299424200000001, 24.8752399, 25.451055700000001, 26.026871400000001, 26.602687100000001, 27.178502900000002, 27.754318600000001, 28.330134399999999, 28.905950099999998, 29.481765800000002, 30.057581599999999, 30.633397299999999, 31.209213099999999, 31.785028799999999, 32.360844499999999, 32.9366603, 33.512475999999999, 34.088291699999999, 34.6641075, 35.2399232, 35.815739000000001, 36.3915547, 36.9673704, 37.543186200000001, 38.119001900000001, 38.694817700000002, 39.270633400000001, 39.846449100000001, 40.422264900000002, 40.998080600000002, 41.573896400000002, 42.149712100000002, 42.725527800000002, 43.301343600000003, 43.877159300000002, 44.452975000000002, 45.028790800000003, 45.604606500000003, 46.180422299999996, 46.756238000000003, 47.332053700000003, 47.907869499999997, 48.483685199999996, 49.059500999999997, 49.635316699999997, 50.211132399999997, 50.786948199999998, 51.362763899999997, 51.938579699999998, 52.514395399999998, 53.090211099999998, 53.666026899999999, 54.241842599999998, 54.817658299999998, 55.393474099999999, 55.969289799999999, 56.545105599999999, 57.120921299999999, 57.696736999999999, 58.2725528, 58.848368499999999, 59.4241843, 60.0, 60.5758157, 61.151631500000001, 61.7274472, 62.303263000000001, 62.879078700000001, 63.454894400000001, 64.030710200000001, 64.606525899999994, 65.182341699999995, 65.758157400000002, 66.333973099999994, 66.909788899999995, 67.485604600000002], "1EgG": [21.4203455, 22.123471200000001, 22.909669900000001, 23.7662294, 24.6798714, 25.638656399999999, 26.632728400000001, 27.654330099999999, 28.6974962, 29.757686199999998, 30.8314415, 31.916118999999998, 33.009680400000001, 34.110539299999999, 35.217452999999999, 36.329432799999999, 37.445689999999999, 38.5655845, 39.688595999999997, 40.814296499999998, 41.942332100000002, 43.072405000000003, 44.204267799999997, 45.337709199999999, 46.472550900000002, 47.608637199999997, 48.745838800000001, 49.884039299999998, 51.023140099999999, 52.163054700000004, 53.303706300000002, 54.4450298, 55.586963500000003, 56.729456800000001, 57.872462599999999, 59.015939500000002, 60.159849299999998, 61.304159300000002, 62.448839700000001, 63.593862799999997, 64.739203500000002, 65.884839700000001, 67.030752399999997, 68.176921300000004, 69.323331100000004, 70.469965500000001, 71.616810000000001, 72.763852200000002, 73.911080600000005, 75.058483699999996, 76.206050899999994, 77.353772599999999, 78.501642000000004, 79.649648799999994, 80.797786900000006, 81.946048899999994, 83.094429000000005, 84.242919400000005, 85.391516300000006, 86.540214000000006, 87.689007700000005, 88.837891600000006, 89.986862799999997, 91.135916499999993, 92.285048900000007, 93.434257200000005, 94.583537399999997, 95.732886800000003, 96.882301299999995, 98.031779299999997, 99.181318599999997, 100.330915, 101.48056699999999, 102.63027200000001, 103.780029, 104.929834, 106.07968700000001, 107.229585, 108.37952799999999, 109.529512, 110.679537], "3T2gF": [0.0, 0.57581573900000005, 1.15163148, 1.7274472199999999, 2.3032629600000001, 2.8790786900000001, 3.45489443, 4.0307101699999999, 4.6065259100000002, 5.1823416499999997, 5.75815739, 6.3339731300000004, 6.9097888699999999, 7.4856046100000002, 8.0614203500000006, 8.6372360799999992, 9.2130518200000004, 9.7888675599999999, 10.364683299999999, 10.940499000000001, 11.5163148, 12.0921305, 12.667946300000001, 13.243762, 13.8195777, 14.395393500000001, 14.971209200000001, 15.547025, 16.122840700000001, 16.698656400000001, 17.274472200000002, 17.850287900000001, 18.426103600000001, 19.001919399999998, 19.577735100000002, 20.153550899999999, 20.729366599999999, 21.305182299999998, 21.880998099999999, 22.456813799999999, 23.0326296, 23.6084453, 24.184260999999999, 24.7600768, 25.3358925, 25.911708300000001, 26.487524000000001, 27.0633397, 27.639155500000001, 28.214971200000001, 28.790786900000001, 29.366602700000001, 29.942418400000001, 30.518234199999998, 31.094049900000002, 31.669865600000001, 32.245681400000002, 32.821497100000002, 33.397312900000003, 33.973128600000003, 34.548944300000002, 35.124760100000003, 35.700575800000003, 36.276391599999997, 36.852207300000003, 37.428023000000003, 38.003838799999997, 38.579654499999997, 39.155470200000003, 39.731285999999997, 40.307101699999997, 40.882917499999998, 41.458733199999998, 42.034548899999997, 42.610364699999998, 43.186180399999998, 43.761996199999999, 44.337811899999998, 44.913627599999998, 45.489443399999999, 46.065259099999999], "3T1gF": [0.0, 1.0328493299999999, 2.0581218799999998, 3.0752955900000001, 4.0838263000000001, 5.0831583499999997, 6.0727236099999997, 7.0519558499999997, 8.0202936699999992, 8.9771938599999999, 9.9221429899999993, 10.854666, 11.774342600000001, 12.680816699999999, 13.573806100000001, 14.453113200000001, 15.3186324, 16.170350299999999, 17.0083503, 17.832806099999999, 18.643977899999999, 19.442203500000002, 20.227888700000001, 21.001495200000001, 21.763526899999999, 22.5145211, 23.255035500000002, 23.985635299999998, 24.7068896, 25.419357000000002, 26.123586400000001, 26.820104600000001, 27.509420299999999, 28.192015399999999, 28.8683455, 29.538841699999999, 30.203906, 30.863916499999998, 31.519222599999999, 32.170152600000002, 32.8170067, 33.460067199999997, 34.099592100000002, 34.735822499999998, 35.368980800000003, 35.999270600000003, 36.626882899999998, 37.251990399999997, 37.874757199999998, 38.495331100000001, 39.113851199999999, 39.730444300000002, 40.345230299999997, 40.958316699999997, 41.569808100000003, 42.179795599999999, 42.788368499999997, 43.3956065, 44.001587299999997, 44.606380000000001, 45.210048899999997, 45.812656400000002, 46.414259100000002, 47.014909799999998, 47.614658300000002, 48.213550900000001, 48.811629600000003, 49.408936699999998, 50.005509600000003, 50.601384799999998, 51.196593999999997, 51.7911699, 52.385142000000002, 52.978538399999998, 53.571383900000001, 54.1637044, 54.755522999999997, 55.346861799999999, 55.937740900000001, 56.5281795, 57.118197700000003],